user_id,first_name,last_name,email,phone_number,balance_credits,balance_euro,signup_date
user_60170a620b68,86e6ed891c87,6ec5cd044b8e,6a2a04685415@redcross.org,***-***-8050,ZBXH,2/13/2026,11/23/2025
user_269a7b680e15,aac6e31e4c0a,37a2bfbb434f,3fb0b8dfed70@homestead.com,***-***-2457,SLRA,7/12/2025,11/21/2025
user_ea99e11b70e2,5f467adeda21,a47a9aee1873,dc628c22dc0a@newsvine.com,***-***-9872,KBWG,2/25/2026,1/12/2026
user_d959990cc075,51d147918ed1,f617fdc9a9b4,c8941628e478@privacy.gov.au,***-***-4390,MUBY,10/2/2025,7/8/2025
user_95d20e3a2008,345781ce944c,b5511bc46b9d,cb328af01f42@cdc.gov,***-***-2847,YPCC,12/26/2025,2/19/2026
user_0c08273badeb,ea520f09ed49,55e067813e3f,9d6cc39cf96c@marriott.com,***-***-8257,SBSR,6/3/2025,7/1/2025
user_3bd66315f6b2,2efc1df5f4ca,693b56553ab2,b01fe6ea44c3@cnet.com,***-***-5219,OIKP,4/15/2025,11/1/2025
user_bb81d6a2bcde,420ebb6c5b00,50f9be11901e,1cdede273962@photobucket.com,***-***-0586,KVRB,12/14/2025,8/25/2025
user_274dccb43b4e,4b9a2494fbfa,582e8a489b9d,12c4c976fbe0@biglobe.ne.jp,***-***-5117,CFQ4,10/28/2025,12/6/2025
user_46921f65c724,7e97d7bb9017,eeafa46eaad5,d9c0949813ea@statcounter.com,***-***-7188,MKJS,4/9/2025,2/8/2026
user_8a36035af919,545d535b6eff,a9db21cf57f0,295dbd1c9d95@addthis.com,***-***-5728,KBYG,11/30/2025,9/28/2025
user_be1da4b41431,4c630c284a56,92cf2fd312a2,aef36d5868d4@miibeian.gov.cn,***-***-8593,PALG,2/16/2026,8/11/2025
user_327b9475ab4f,2b1d27fdebc9,50be91422f6d,3f5395cca856@ning.com,***-***-8746,MTPX,12/21/2025,9/27/2025
user_6eae11f1fd78,fa6fff1261d2,e3bdda3497ba,9fa5c8e9c4fc@topsy.com,***-***-5264,AYWO,6/14/2025,11/11/2025
user_bcd8301d744e,81b7f127b528,5b96375c464a,ab9cab21dc2b@disqus.com,***-***-3234,RPVS,11/26/2025,3/11/2025
user_22b2bb37a1f9,dc048731f164,2b2c112415f9,fe75bcc2ae3b@tripod.com,***-***-7028,NTTU,10/22/2025,4/10/2025
user_44795ef59170,9771a339c694,6990e0c2497c,521ced42c9a8@ca.gov,***-***-5532,,4/30/2025,12/20/2025
user_9ab0d43cf28d,d38a254e7ab7,0a9abd65de08,d896a0068200@unicef.org,***-***-1112,VABP,3/20/2025,12/2/2025
user_5447b2567b3c,837daadd3c0e,f98f50ebda83,3302cb36094c@soup.io,***-***-3396,LLHA,1/9/2026,12/7/2025
user_e7e40dfe8cee,ead2fcf8a2db,f270c4d88cb1,a75e12ff2200@xing.com,***-***-0985,CZWH,1/5/2026,9/30/2025
user_ce04009d47be,5531e0cbc2e7,fc67716c6788,ecf1c1496dab@telegraph.co.uk,***-***-0747,LTFK,5/25/2025,5/26/2025
user_879328245fa4,202a09a1297e,a70b94f5eefa,f8eecf095d68@wp.com,***-***-5789,LPPM,10/24/2025,5/22/2025
user_548e4842593f,59b7ad51ade5,159cd1acc3f4,2044e37e5aa5@wufoo.com,***-***-9146,ENSK,8/8/2025,3/1/2026
user_55ba7eb4323e,0dfe0d2ea522,3743d937ffd0,ddee2b11b14e@blogtalkradio.com,***-***-9641,YCFH,4/13/2025,9/15/2025
user_e6d74d35d2c2,d39c7c0da7e8,bab25f041785,c7a6cd0a56aa@nps.gov,***-***-0212,KSUD,11/30/2025,12/17/2025
user_8defba3bba93,bd6a56d70fbb,3be7e75b1c1c,c37a00a71825@e-recht24.de,***-***-3823,AYOF,10/27/2025,7/16/2025
user_9f4d244acbfa,31dfe84b73de,dec050d1ae9a,941c6bf0be86@imdb.com,***-***-3256,,8/3/2025,4/8/2025
user_33946547f968,4ddce8db6309,fae82494c2eb,850e77cbef09@spiegel.de,***-***-4958,,9/9/2025,5/13/2025
user_385cc7c2cea5,0390a5482fa7,b8c67bd46ab9,94ab25e59a1f@oracle.com,***-***-4681,GQPP,10/22/2025,3/31/2025
user_bf0b0f87767d,4e4d534bcd00,9587df868eee,8ce1c30f5b18@buzzfeed.com,***-***-6240,VTUK,12/16/2025,4/18/2025
user_251c800f81bc,ddf4bb8d8acd,0e749a69c1c1,cef6ca5e4b4a@smugmug.com,***-***-9265,CYDF,1/21/2026,2/6/2026
user_e647e3e9bf14,4ca1b369381a,7f46459f8e38,c4f501a2aed5@homestead.com,***-***-7584,LTBH,7/5/2025,10/29/2025
user_9c866b57013c,2b2936652273,42e1ef90a2f1,54ed4fe02d30@mozilla.org,***-***-6080,EGNV,8/5/2025,12/4/2025
user_48c0aef894d0,25a5e17ece3f,bf1bd2335015,22bd7a204d47@trellian.com,***-***-2037,VCCN,10/15/2025,4/24/2025
user_1e1e013279d8,9560ecbb1828,b30d7d38fe8f,bc6daca222ad@sina.com.cn,***-***-9262,WAAM,3/22/2025,10/7/2025
user_c605e68c7d58,47fb3acc55d5,c7d56013b9d6,2f1c3800d586@nasa.gov,***-***-6011,,9/16/2025,7/13/2025
user_693ec9a17feb,d128b6560549,8b8b821252f8,9fda802af9e4@altervista.org,***-***-1667,UKFB,5/11/2025,6/17/2025
user_4607e3b83412,e50d824f7cf6,747843de70a9,5eb2cedeb01d@addtoany.com,***-***-8288,3C8,2/14/2026,3/31/2025
user_3b5833879c4e,fccedbfd521e,896a74aeba7f,67ac6dda58f7@creativecommons.org,***-***-2265,CYWK,12/26/2025,6/13/2025
user_9a43192e322f,ee0832a62185,89c36f246175,48f7549c4563@google.es,***-***-3822,SAWJ,3/6/2025,2/20/2026
user_74b82df2f5a4,f1ebcdfefe9e,447363e79007,640a7e65ca39@ucsd.edu,***-***-7682,SANE,6/15/2025,3/18/2025
user_7b292522b258,53e72a01214e,ff7fcf6fe01d,9770ad816f53@smh.com.au,***-***-2385,SKPQ,2/2/2026,11/17/2025
user_281fcca3f5b0,de7bc1d681e3,258a30e01eb7,fddd7c170107@unc.edu,***-***-5592,,4/2/2025,9/19/2025
user_156ab26d1bda,9de8f48e7a06,b11278d83cb6,eaef665c1ee4@census.gov,***-***-7262,EGLF,2/11/2026,5/21/2025
user_09e4f63b9a60,8b09b292530c,a037daccfccb,aa753a2a45ac@furl.net,***-***-8263,FCBK,6/26/2025,12/19/2025
user_2a7dde7233ca,1eb6b4113ced,b95f96a18f9f,be890756fb8c@yolasite.com,***-***-1521,VTED,9/12/2025,2/28/2026
user_f3b829cdf965,766225ae2632,e100e3a399a8,6f3e57a6580d@unc.edu,***-***-6792,SPUR,3/30/2025,2/20/2026
user_a77c2c2890e4,601f596c8675,4934dc4d3b1f,7016681f2941@4shared.com,***-***-7876,FGBT,7/21/2025,7/18/2025
user_91da5c4e6ff9,fdc62b961ec8,60fe0e5bcfe5,0e624276c66e@fastcompany.com,***-***-7280,GAMB,3/26/2025,2/12/2026
user_196200597775,18567a8884d0,d5b76b1ac376,3d117dc6fcfc@odnoklassniki.ru,***-***-4123,KLEB,6/14/2025,4/7/2025
user_e738dac05d9f,91b37a63d1b0,0464d84d53e3,4c7e7bd00539@examiner.com,***-***-3060,USCM,7/26/2025,5/22/2025
user_0ab883f8b4d3,c34ceac3da7a,e3e9edbe7bc3,83ca621be0ec@mozilla.com,***-***-5348,GANK,8/13/2025,6/4/2025
user_2f83da0fe251,28d70df2c5e1,4bafcd460b9d,09f7092a9011@senate.gov,***-***-8601,SBCN,5/5/2025,2/9/2026
user_a0ba9e2c2317,82be2db381cc,2891209c3514,7732510983bc@elpais.com,***-***-0334,LLBS,4/5/2025,11/3/2025
user_187652938728,cf86ae511b83,c3639103f27a,2fde55d0df25@timesonline.co.uk,***-***-8507,OIFS,12/4/2025,2/10/2026
user_f688c48e69dd,82443e1934b9,543c7bfe7c6c,2e6bcc521399@virginia.edu,***-***-1790,CYVC,7/31/2025,8/22/2025
user_c7baf38a37f7,8a8f43f2d3d5,794cbfd18d3b,3021da376a04@illinois.edu,***-***-4044,RJOI,8/12/2025,7/13/2025
user_b77c272d11d2,5c3b7aa871ed,168347f5e2f7,559b14052bc2@nsw.gov.au,***-***-3109,KU70,11/29/2025,11/18/2025
user_c90513da7d20,bf375415106d,0005e3d690f3,4d69b9479351@zdnet.com,***-***-5742,PMDY,4/1/2025,1/11/2026
user_cc10eb7c113a,76d4126db413,2c2082ff8a33,2d9e0a83640f@mayoclinic.com,***-***-2217,KOGB,8/1/2025,11/11/2025
user_3ef32341f16c,4563d2ae5493,8e1640f93d43,522981b86705@buzzfeed.com,***-***-4496,VNLD,10/10/2025,5/27/2025
user_b869d1fe5d8e,7d4b4551c015,a394a9064094,ae6e89c6549c@amazon.com,***-***-2401,PFYU,8/12/2025,7/28/2025
user_88879b386da6,69839a969577,10761fbb7380,5cb9f6fcbb3e@simplemachines.org,***-***-1137,CYRI,8/14/2025,9/25/2025
user_db6cba5935fb,e33098476c03,cde5c4a421e4,9fae698fb0b1@paginegialle.it,***-***-6951,,11/6/2025,4/6/2025
user_74fed1dd8ba1,b185f7533bc2,9b2ca8f6f841,5c199aadf2b8@opensource.org,***-***-2521,YREN,8/10/2025,1/27/2026
user_36c89d673761,1645da2d74b8,642db716f16b,294c8e7592ef@macromedia.com,***-***-5182,PFKT,11/25/2025,10/29/2025
user_962f271990ea,75334e568259,ca33b402b019,e75f36061e9d@blog.com,***-***-0893,LEAB,4/7/2025,12/9/2025
user_04a7218f369a,03468a0700e5,c6956ff72958,8538d9b60c02@desdev.cn,***-***-7995,WAWT,1/12/2026,4/11/2025
user_f5e2e923eaac,95ba88064b14,5bb3461d7bf5,04b9c62a9a33@narod.ru,***-***-8921,SKBQ,8/26/2025,1/16/2026
user_dea1bb51ed33,90f8698b518d,c2407f3be983,17a0840ddba9@unblog.fr,***-***-9695,SLPR,12/4/2025,11/30/2025
user_346dd8bd8bc4,7972078aad4a,a19b5572e982,a3ff05050ec3@weebly.com,***-***-8468,OISY,5/2/2025,4/4/2025
user_774dedf3fec0,23199168f0b9,1fd96a6a270b,a56de9a35548@unicef.org,***-***-7291,FLKK,2/4/2026,1/17/2026
user_a533d5cef6fd,00c23024c751,fae82494c2eb,4b07de32bf80@mac.com,***-***-6254,EGKB,1/7/2026,10/12/2025
user_a11605fa612e,6e1576a6c45e,c3e437f22c7d,19e3ed97c671@histats.com,***-***-7573,KEYW,3/25/2025,7/28/2025
user_e929410e653e,e6632aec3d99,ef8d7fca510c,8bb098be5fe6@linkedin.com,***-***-2185,KCTZ,9/17/2025,11/10/2025
user_4cc8fafaf402,e4ac945f32e2,c0bcbc48f777,b525cd37f4e7@samsung.com,***-***-5825,KSKX,9/7/2025,9/20/2025
user_de45b4f2709d,55fbe403d0a8,fc17fb155fb7,77b89c32896a@miibeian.gov.cn,***-***-9203,VTUJ,5/5/2025,11/29/2025
user_601585877137,879b7ce213d8,e2701fdc4f34,678b8d232b1f@fotki.com,***-***-1929,YORV,12/8/2025,8/9/2025
user_1e049633e1f3,89485883aa4d,6f59cfe1ca8f,3669ad31f0e5@hud.gov,***-***-3962,DNSU,12/23/2025,10/8/2025
user_ecc479bb50ca,a48eb73d5fce,a4e743964bc4,4d9bc42587f6@wiley.com,***-***-1215,WASC,10/12/2025,1/28/2026
user_335958b834e3,1645da2d74b8,076c12f0dcc7,1887095574c0@mashable.com,***-***-0849,KCFV,7/30/2025,5/16/2025
user_e8f0b3158a15,f07a6564fa78,08a4d89eb697,5ac0f80664c9@odnoklassniki.ru,***-***-5410,FAOR,10/12/2025,5/5/2025
user_43965b19a63d,454ee25dbc4b,6f2b45eb8db4,663c756c5e05@mozilla.org,***-***-3433,BGJN,6/24/2025,4/9/2025
user_fa6d31f67115,9d185868b823,7f08e5b31e8c,34c8027eb036@tmall.com,***-***-5170,W28,7/12/2025,8/18/2025
user_284c1737a087,94ad30912897,db2b63e6839e,6f4f4678d8af@com.com,***-***-6120,VECO,9/2/2025,6/14/2025
user_97a78e06de71,8a6c00984d6d,16cc549362a9,fcdda30752f7@free.fr,***-***-7259,SCQP,11/3/2025,8/2/2025
user_906a667c624f,f24957896cd8,50f18ac6cb3e,93ca9b867f86@wp.com,***-***-5397,LJMB,5/21/2025,7/26/2025
user_603a3a9e98b6,1b95131909cd,9ce641604339,b7fedf819217@kickstarter.com,***-***-5373,KSFO,6/29/2025,3/3/2026
user_6d11e27de0c0,e0c0bca1cbf6,0a2e4e8844a2,7b948474c4b0@bloglovin.com,***-***-1869,,2/1/2026,5/10/2025
user_1e14011c2926,6effa41b88b3,76d9477ee116,6a9fdaf5b266@cnet.com,***-***-1275,ESOH,11/30/2025,2/20/2026
user_fe9ff2ac7491,68491915b054,a107a22ed54f,31e82869cd43@uol.com.br,***-***-8274,FACC,8/2/2025,8/29/2025
user_d9403b7584a8,8243d36ccb9c,acb0dadd78be,7032a45d7669@disqus.com,***-***-1931,VVDN,9/29/2025,4/21/2025
user_2c677d699780,f278ba0f92f5,e0ac561f2072,f5cb24f9c152@washington.edu,***-***-1826,KPSF,3/23/2025,4/14/2025
user_bc5674d6013d,38a7171de0c8,f0365f9c2df8,3b91bbbdc8ad@icio.us,***-***-3462,KOEA,12/10/2025,2/1/2026
user_537b63e3d6e5,72101045a002,84184a1a996f,350b16e6d246@nhs.uk,***-***-5288,FMNH,5/9/2025,6/26/2025
user_aab4f0587e0e,4f61b27ae90d,19baf5fb9579,451719dd3cf1@uol.com.br,***-***-8588,EDWR,9/3/2025,8/24/2025
user_fed2faa33e48,b3e15ca40b10,3af8a3db3778,bcedd680c6ed@free.fr,***-***-5034,ZGSY,2/2/2026,1/9/2026
user_09932699c31d,2ab6ac2a5140,ec32dc68d644,57a027a915a6@gmpg.org,***-***-0834,,3/23/2025,2/10/2026
user_581bcfdd00ff,4ee748e19a28,9517266d54dc,b02d968b3070@boston.com,***-***-0710,HASL,3/22/2025,10/17/2025
user_1ddd1a677a45,d08547357ddc,8d6af1dd36c0,9fc908c2f49d@independent.co.uk,***-***-4198,KALM,7/16/2025,4/25/2025
