user_id,first_name,last_name,email,phone_number,balance_credits,balance_euro,signup_date
1,Krystle,Catt,kcatt0@redcross.org,332-531-8050,ZBXH,2/13/2026,11/23/2025
2,Cleveland,Adamini,cadamini1@homestead.com,846-638-2457,SLRA,7/12/2025,11/21/2025
3,Hanan,Galland,hgalland2@newsvine.com,694-700-9872,KBWG,2/25/2026,1/12/2026
4,Godwin,Barkway,gbarkway3@privacy.gov.au,343-234-4390,MUBY,10/2/2025,7/8/2025
5,Esmeralda,Graith,egraith4@cdc.gov,560-457-2847,YPCC,12/26/2025,2/19/2026
6,Ansel,Hastin,ahastin5@marriott.com,658-113-8257,SBSR,6/3/2025,7/1/2025
7,Gillian,Guisler,gguisler6@cnet.com,663-783-5219,OIKP,4/15/2025,11/1/2025
8,Leoline,Bondley,lbondley7@photobucket.com,467-922-0586,KVRB,12/14/2025,8/25/2025
9,Concettina,Hullyer,chullyer8@biglobe.ne.jp,510-952-5117,CFQ4,10/28/2025,12/6/2025
10,Aubert,Paolini,apaolini9@statcounter.com,246-423-7188,MKJS,4/9/2025,2/8/2026
11,Torrance,Meredyth,tmeredytha@addthis.com,367-299-5728,KBYG,11/30/2025,9/28/2025
12,Carolee,Shercliff,cshercliffb@miibeian.gov.cn,604-695-8593,PALG,2/16/2026,8/11/2025
13,Dalila,Sands-Allan,dsandsallanc@ning.com,589-701-8746,MTPX,12/21/2025,9/27/2025
14,Delly,Churchman,dchurchmand@topsy.com,790-745-5264,AYWO,6/14/2025,11/11/2025
15,Rogerio,Bazoche,rbazochee@disqus.com,689-812-3234,RPVS,11/26/2025,3/11/2025
16,Mira,Heaford,mheafordf@tripod.com,416-973-7028,NTTU,10/22/2025,4/10/2025
17,Tyson,Ingliss,tinglissg@ca.gov,231-823-5532,,4/30/2025,12/20/2025
18,Suzann,Snoxall,ssnoxallh@unicef.org,457-881-1112,VABP,3/20/2025,12/2/2025
19,Ginnie,Gook,ggooki@soup.io,226-306-3396,LLHA,1/9/2026,12/7/2025
20,Freddy,Mayo,fmayoj@xing.com,681-478-0985,CZWH,1/5/2026,9/30/2025
21,Jarred,Burbudge,jburbudgek@telegraph.co.uk,355-785-0747,LTFK,5/25/2025,5/26/2025
22,Quinlan,Maffia,qmaffial@wp.com,514-727-5789,LPPM,10/24/2025,5/22/2025
23,Kary,Huggard,khuggardm@wufoo.com,768-838-9146,ENSK,8/8/2025,3/1/2026
24,Pace,Tripony,ptriponyn@blogtalkradio.com,106-385-9641,YCFH,4/13/2025,9/15/2025
25,Beckie,Innocenti,binnocentio@nps.gov,526-669-0212,KSUD,11/30/2025,12/17/2025
26,Cathrine,Lukehurst,clukehurstp@e-recht24.de,581-545-3823,AYOF,10/27/2025,7/16/2025
27,Genevra,Ferrers,gferrersq@imdb.com,727-813-3256,,8/3/2025,4/8/2025
28,Drusy,Chamney,dchamneyr@spiegel.de,448-148-4958,,9/9/2025,5/13/2025
29,Beverlie,Annice,bannices@oracle.com,710-952-4681,GQPP,10/22/2025,3/31/2025
30,Davide,Stallard,dstallardt@buzzfeed.com,737-670-6240,VTUK,12/16/2025,4/18/2025
31,Lucita,Lemm,llemmu@smugmug.com,499-270-9265,CYDF,1/21/2026,2/6/2026
32,Alvira,Bohlens,abohlensv@homestead.com,290-804-7584,LTBH,7/5/2025,10/29/2025
33,Brear,Mottley,bmottleyw@mozilla.org,922-134-6080,EGNV,8/5/2025,12/4/2025
34,Gianna,Willock,gwillockx@trellian.com,747-237-2037,VCCN,10/15/2025,4/24/2025
35,Frederigo,Jannex,fjannexy@sina.com.cn,116-918-9262,WAAM,3/22/2025,10/7/2025
36,Zacharia,Wincer,zwincerz@nasa.gov,261-553-6011,,9/16/2025,7/13/2025
37,Cristobal,Merill,cmerill10@altervista.org,106-617-1667,UKFB,5/11/2025,6/17/2025
38,Shae,Merington,smerington11@addtoany.com,317-643-8288,3C8,2/14/2026,3/31/2025
39,Alan,Aisthorpe,aaisthorpe12@creativecommons.org,454-458-2265,CYWK,12/26/2025,6/13/2025
40,Tildi,Weich,tweich13@google.es,919-679-3822,SAWJ,3/6/2025,2/20/2026
41,Cly,Le - Count,clecount14@ucsd.edu,459-113-7682,SANE,6/15/2025,3/18/2025
42,Bliss,Tuppeny,btuppeny15@smh.com.au,118-136-2385,SKPQ,2/2/2026,11/17/2025
43,Arabel,Rannells,arannells16@unc.edu,583-369-5592,,4/2/2025,9/19/2025
44,Charles,Mossom,cmossom17@census.gov,124-969-7262,EGLF,2/11/2026,5/21/2025
45,Robenia,Mustarde,rmustarde18@furl.net,963-725-8263,FCBK,6/26/2025,12/19/2025
46,Murvyn,Ashmore,mashmore19@yolasite.com,629-333-1521,VTED,9/12/2025,2/28/2026
47,Orly,Strass,ostrass1a@unc.edu,881-878-6792,SPUR,3/30/2025,2/20/2026
48,Arlinda,Gallyhaock,agallyhaock1b@4shared.com,240-911-7876,FGBT,7/21/2025,7/18/2025
49,Alexei,Jolliffe,ajolliffe1c@fastcompany.com,361-891-7280,GAMB,3/26/2025,2/12/2026
50,Jory,Kissock,jkissock1d@odnoklassniki.ru,424-259-4123,KLEB,6/14/2025,4/7/2025
51,Susi,Jolliss,sjolliss1e@examiner.com,616-226-3060,USCM,7/26/2025,5/22/2025
52,Bertina,Danielczyk,bdanielczyk1f@mozilla.com,697-355-5348,GANK,8/13/2025,6/4/2025
53,Petra,Tytterton,ptytterton1g@senate.gov,825-940-8601,SBCN,5/5/2025,2/9/2026
54,Jethro,Jonk,jjonk1h@elpais.com,400-800-0334,LLBS,4/5/2025,11/3/2025
55,Liesa,Thew,lthew1i@timesonline.co.uk,651-944-8507,OIFS,12/4/2025,2/10/2026
56,Arni,Dymidowski,adymidowski1j@virginia.edu,281-579-1790,CYVC,7/31/2025,8/22/2025
57,Fidela,Kauffman,fkauffman1k@illinois.edu,203-136-4044,RJOI,8/12/2025,7/13/2025
58,Antonia,Tompkin,atompkin1l@nsw.gov.au,477-387-3109,KU70,11/29/2025,11/18/2025
59,Clari,Costin,ccostin1m@zdnet.com,467-801-5742,PMDY,4/1/2025,1/11/2026
60,Cacilia,Germaine,cgermaine1n@mayoclinic.com,482-593-2217,KOGB,8/1/2025,11/11/2025
61,Laurette,Craghead,lcraghead1o@buzzfeed.com,567-993-4496,VNLD,10/10/2025,5/27/2025
62,Reina,Mapletoft,rmapletoft1p@amazon.com,541-391-2401,PFYU,8/12/2025,7/28/2025
63,Dorie,Polleye,dpolleye1q@simplemachines.org,118-664-1137,CYRI,8/14/2025,9/25/2025
64,Felicle,Cherrett,fcherrett1r@paginegialle.it,147-703-6951,,11/6/2025,4/6/2025
65,Ennis,Fernley,efernley1s@opensource.org,275-659-2521,YREN,8/10/2025,1/27/2026
66,Luciana,Blakey,lblakey1t@macromedia.com,680-337-5182,PFKT,11/25/2025,10/29/2025
67,Sybila,Beltzner,sbeltzner1u@blog.com,551-140-0893,LEAB,4/7/2025,12/9/2025
68,Zaccaria,Linne,zlinne1v@desdev.cn,895-778-7995,WAWT,1/12/2026,4/11/2025
69,Tessy,Boothroyd,tboothroyd1w@narod.ru,377-473-8921,SKBQ,8/26/2025,1/16/2026
70,Cchaddie,Griswaite,cgriswaite1x@unblog.fr,893-731-9695,SLPR,12/4/2025,11/30/2025
71,Bettye,Gerrad,bgerrad1y@weebly.com,584-731-8468,OISY,5/2/2025,4/4/2025
72,Haskel,Romushkin,hromushkin1z@unicef.org,622-985-7291,FLKK,2/4/2026,1/17/2026
73,Shandie,Chamney,schamney20@mac.com,280-975-6254,EGKB,1/7/2026,10/12/2025
74,Kane,Pirolini,kpirolini21@histats.com,341-616-7573,KEYW,3/25/2025,7/28/2025
75,Novelia,McReynold,nmcreynold22@linkedin.com,338-620-2185,KCTZ,9/17/2025,11/10/2025
76,Jose,Goby,jgoby23@samsung.com,123-432-5825,KSKX,9/7/2025,9/20/2025
77,Pietra,Swaile,pswaile24@miibeian.gov.cn,590-241-9203,VTUJ,5/5/2025,11/29/2025
78,Nell,Forsdyke,nforsdyke25@fotki.com,505-853-1929,YORV,12/8/2025,8/9/2025
79,Rosemarie,Moores,rmoores26@hud.gov,334-935-3962,DNSU,12/23/2025,10/8/2025
80,Calida,Colston,ccolston27@wiley.com,472-615-1215,WASC,10/12/2025,1/28/2026
81,Luciana,Norledge,lnorledge28@mashable.com,508-596-0849,KCFV,7/30/2025,5/16/2025
82,Laird,Wardall,lwardall29@odnoklassniki.ru,742-317-5410,FAOR,10/12/2025,5/5/2025
83,Barbabra,Basini-Gazzi,bbasinigazzi2a@mozilla.org,969-408-3433,BGJN,6/24/2025,4/9/2025
84,Mirelle,Ascough,mascough2b@tmall.com,406-100-5170,W28,7/12/2025,8/18/2025
85,Bryon,Binyon,bbinyon2c@com.com,846-816-6120,VECO,9/2/2025,6/14/2025
86,Blinni,Ghest,bghest2d@free.fr,186-303-7259,SCQP,11/3/2025,8/2/2025
87,Darline,Lynch,dlynch2e@wp.com,529-114-5397,LJMB,5/21/2025,7/26/2025
88,Marrissa,Hanington,mhanington2f@kickstarter.com,534-414-5373,KSFO,6/29/2025,3/3/2026
89,Garland,Kemmons,gkemmons2g@bloglovin.com,472-847-1869,,2/1/2026,5/10/2025
90,Padget,Foucard,pfoucard2h@cnet.com,767-663-1275,ESOH,11/30/2025,2/20/2026
91,Rock,Opfer,ropfer2i@uol.com.br,951-726-8274,FACC,8/2/2025,8/29/2025
92,Gypsy,Hardey,ghardey2j@disqus.com,190-263-1931,VVDN,9/29/2025,4/21/2025
93,Tessie,Quoit,tquoit2k@washington.edu,115-407-1826,KPSF,3/23/2025,4/14/2025
94,Korie,Austin,kaustin2l@icio.us,716-641-3462,KOEA,12/10/2025,2/1/2026
95,Chet,McAvinchey,cmcavinchey2m@nhs.uk,645-646-5288,FMNH,5/9/2025,6/26/2025
96,Richardo,Haggleton,rhaggleton2n@uol.com.br,992-945-8588,EDWR,9/3/2025,8/24/2025
97,Therine,Nickols,tnickols2o@free.fr,273-465-5034,ZGSY,2/2/2026,1/9/2026
98,Caye,Mascall,cmascall2p@gmpg.org,268-140-0834,,3/23/2025,2/10/2026
99,Geoffrey,Antusch,gantusch2q@boston.com,174-652-0710,HASL,3/22/2025,10/17/2025
100,Elvyn,Croft,ecroft2r@independent.co.uk,339-544-4198,KALM,7/16/2025,4/25/2025
